molecule,conformer_id,pool_index,common_scaffold_cluster,common_scaffold_representative,relative_electronic_energy_kj_mol,electronic_weight_if_representative,total_mean_clearance_probe_0_5_angstrom,total_top_decile_clearance_probe_0_5_angstrom,total_positive_clearance_integral_probe_0_5_angstrom,nonlocal_mean_clearance_probe_0_5_angstrom,nonlocal_top_decile_clearance_probe_0_5_angstrom,re_nonlocal_mean_clearance_probe_0_5_angstrom,si_nonlocal_mean_clearance_probe_0_5_angstrom,para_substituent_limiter_fraction,direct_para_substituent_nonlocal_integral_delta_angstrom,direct_para_substituent_total_mean_clearance_delta_angstrom,direct_para_substituent_nonlocal_environment_mean_clearance_delta_angstrom,re_minus_si_nonlocal_mean_clearance_angstrom,minimum_para_substituent_distance_from_carbonyl_c_angstrom,carbonyl_c_o_length_angstrom,amide_c_n_length_angstrom,mayer_bond_order_c_o,mayer_bond_order_c_n,loewdin_charge_carbonyl_c,loewdin_charge_carbonyl_o,loewdin_charge_amide_n,dipole_magnitude_debye,homo_lumo_gap_ev,benzoyl_carbonyl_torsion_abs_mean_deg
1Bz-LSD_RR,conf001,144,dft_core_cluster_001,True,0.0,0.3676052634577931,-0.8230242299810779,0.07250584921872877,0.007325573092887236,-0.692358594409644,0.2970790130546838,-0.7220575898484114,-0.6626595989708766,,,,,-0.059397990877534834,,1.215587736508215,1.4020641692686606,2.0873,1.0394,0.098881,-0.166692,0.021542,4.563243231,4.0947,40.55813408220206
1Bz-LSD_RR,conf004,104,dft_core_cluster_002,True,0.8502530428979248,0.2608698164472955,-0.823421871065579,0.07291522625514621,0.007363039907587608,-0.6938815020401261,0.2946288015997603,-0.6669719083203544,-0.720791095759898,,,,,0.053819187439543614,,1.2157473916821722,1.40135718011957,2.0871,1.0415,0.098206,-0.167396,0.021418,6.029674719,4.0646,40.16731883321338
1Bz-LSD_RR,conf003,125,dft_core_cluster_003,True,0.9881004169948056,0.24675957723399672,-0.8224249879441021,0.07250490744811754,0.007326138507830189,-0.6928164225759007,0.29454179293870825,-0.7165009316652656,-0.6691319134865358,,,,,-0.04736901817872985,,1.2156664988714008,1.401543392380107,2.0874,1.0412,0.09825,-0.167133,0.02138,6.348032605,4.063700000000001,40.11630978172664
1Bz-LSD_RR,conf008,73,dft_core_cluster_004,True,4.7848570955174425,0.05334712577974775,-0.8233572956688561,0.07233674462420678,0.007309870230581208,-0.6919848178939586,0.2979704315732177,-0.7225814460625476,-0.6613881897253695,,,,,-0.06119325633717809,,1.2155853701506092,1.4021517108721329,2.0869,1.0392,0.098999,-0.166737,0.021599,4.219283754,4.0949,40.65062349338317
1Bz-LSD_RR,conf002,176,dft_core_cluster_005,True,7.338473022961301,0.01904306591608168,-0.8371563986051421,0.07351767345407034,0.007466404466647115,-0.7361734320984857,0.25734546426274346,-0.7343831358505923,-0.7379538098076097,,,,,0.0035706739570173784,,1.214523330333754,1.4096705640431753,2.1066,1.0218,0.100132,-0.164234,0.014123,4.552163375,4.0282,37.50948563819293
1Bz-LSD_RR,conf007,88,dft_core_cluster_006,True,7.629594671973331,0.01693302557776127,-0.8274059152649411,0.07304694425926957,0.007423364512196247,-0.7201647262050821,0.25910394390557534,-0.7041564996095974,-0.7362621351214328,,,,,0.03210563551183543,,1.2147883897789353,1.4088871473508362,2.1046,1.0248,0.099753,-0.16602,0.014174,2.530744146,3.9955,37.66461737785771
1Bz-LSD_RR,conf006,130,dft_core_cluster_007,True,7.680490980248881,0.016588912520491158,-0.8275155688067476,0.07321525299226332,0.007438001429316258,-0.7203611176879786,0.259086343233235,-0.7029069140336704,-0.7379125592456535,,,,,0.035005645211983016,,1.2147788078645996,1.4088910288045942,2.105,1.0245,0.09973,-0.165963,0.014168,2.525766627,3.9943999999999997,37.51751749732111
1Bz-LSD_RR,conf005,164,dft_core_cluster_008,True,7.786337042409537,0.015895510824808334,-0.8377304274247036,0.07307293478659223,0.007425050359363125,-0.7373339413153573,0.25613073693913424,-0.7337347727624074,-0.7409131698763242,,,,,0.007178397113916768,,1.2147652630313512,1.4089223420080625,2.1046,1.025,0.099744,-0.165917,0.013947,3.52442119,4.009799999999999,37.68221549710256
1Bz-LSD_RR,conf009,195,dft_core_cluster_009,True,11.955010762648474,0.0029577022420244304,-0.8267312942414945,0.07290417109259588,0.007408379760147909,-0.7201547882070385,0.25742836045929374,-0.7084108669737702,-0.731964135185339,,,,,0.02355326821156878,,1.2145082911107554,1.4097594637851414,2.1068,1.0219,0.100178,-0.164242,0.014277,3.059769064,4.0161,37.81313958397219
1pMeBz-LSD_RR,conf001,192,dft_core_cluster_001,True,0.0,0.3913544961523465,-0.81711732625567,0.0775161127446745,0.007783698847713858,-0.6851294839611582,0.30096639219813137,-0.7099180417310045,-0.660340926191312,0.0,0.0,0.0,-0.0014392114481657226,-0.04957711553969246,5.839980517233064,1.2159217244880347,1.4038366954729853,2.0881,1.0343,0.099079,-0.168526,0.021097,5.027811135,4.12,38.62790790589415
1pMeBz-LSD_RR,conf002,49,dft_core_cluster_002,True,0.8228336426297616,0.2808122894334297,-0.8187937590374994,0.07733341442734776,0.007767401330036985,-0.6879686370782064,0.29893125558985745,-0.6610644641551899,-0.7148728100012229,0.0,0.0,0.0,-0.0015828042092371764,0.053808345846033,5.840864986564921,1.2160193744210492,1.4029360554627186,2.0876,1.0371,0.098367,-0.169228,0.021037,6.178897363,4.0956,38.80278299006599
1pMeBz-LSD_RR,conf004,18,dft_core_cluster_003,True,2.8605351678748625,0.123431568604962,-0.8175465909758335,0.07648700659192513,0.007687857798838287,-0.6840761168948623,0.301536624475721,-0.7112652331600146,-0.6568870006297101,0.0,0.0,0.0,-0.00027898728338748846,-0.05437823253030449,5.84097285233813,1.2158746479430833,1.4037583500525384,2.0881,1.0346,0.099006,-0.168514,0.021154,5.010201618,4.1222,38.88926894133813
1pMeBz-LSD_RR,conf007,40,dft_core_cluster_004,True,3.9151356264787283,0.08066186168416171,-0.8184380667390702,0.07776764545106404,0.007807793301135706,-0.686776436341697,0.3006167211469596,-0.6581881165835275,-0.7153647560998665,0.0,0.0,0.0,-0.0015105421182575185,0.057176639516339,5.841112347461074,1.215959739983353,1.4030083122573918,2.0874,1.0371,0.098384,-0.169208,0.020974,6.214132128,4.0962,38.81087365939263
1pMeBz-LSD_RR,conf009,85,dft_core_cluster_005,True,4.644946622279125,0.06009120135687083,-0.8180159048839959,0.0779862677285185,0.007829035560078405,-0.6869110237919597,0.2978276864347038,-0.6611241789676009,-0.7126978686163185,0.0,0.0,0.0,-0.0014262930803252694,0.05157368964871756,5.8398992684592175,1.2158866332716012,1.4038971749295717,2.0886,1.0338,0.099112,-0.168691,0.020997,3.473719058,4.1167,38.33793321008566
1pMeBz-LSD_RR,conf005,12,dft_core_cluster_006,True,7.520098860650672,0.018841089264851545,-0.8214896769820641,0.07664207387890937,0.00772899058598041,-0.7130405599177044,0.2649456188137566,-0.6983264796437569,-0.7278366127837074,0.0,0.0,0.0,-0.0013900316794200895,0.029510133139950434,5.830912178182598,1.2152180486670168,1.410620616196539,2.1049,1.0204,0.099761,-0.16812,0.013826,1.914066516,4.0244,36.159248638649615
1pMeBz-LSD_RR,conf003,115,dft_core_cluster_007,True,7.65108782584682,0.017871365349408433,-0.8337208109268429,0.07539698384762152,0.0076173387127877025,-0.7319047162327803,0.2607651931892446,-0.7255857925225844,-0.7381886320553849,0.0,0.0,0.0,-0.0013349632856768379,0.012602839532800503,5.831311095081361,1.2152108097624332,1.4104019952921887,2.1048,1.0208,0.099708,-0.168128,0.01374,3.329617682,4.049300000000001,36.848956267296884
1pMeBz-LSD_RR,conf006,8,dft_core_cluster_008,True,7.716939623048433,0.01740287487169294,-0.8214427217618101,0.07617925192824247,0.007683066685553937,-0.7125429390277795,0.26505970921689465,-0.7017409257101445,-0.723405130692588,0.0,0.0,0.0,-0.0012506109485945771,0.02166420498244359,5.831297820699011,1.215301221250704,1.4104315678684054,2.1041,1.0208,0.099762,-0.168346,0.01386,1.928384318,4.0293,36.59266608320869
1pMeBz-LSD_RR,conf008,32,dft_core_cluster_009,True,10.650903329234547,0.0053285960037630755,-0.8327799365273827,0.07619364465906224,0.0076872840935466626,-0.7314228144758869,0.25946308231721177,-0.7264775266783176,-0.7363407045571261,0.0,0.0,0.0,-0.0012525599067877424,0.009863177878808527,5.831353738867377,1.2150345150849506,1.410763607249214,2.1063,1.0199,0.099734,-0.167678,0.013641,3.325215446,4.0402,36.350951932224675
1pMeBz-LSD_RR,conf010,37,dft_core_cluster_010,True,11.238155861636237,0.0042046572785133015,-0.8210965686480359,0.07608326067732715,0.007671899561096704,-0.7139974858795295,0.2618950710537625,-0.7060042116891526,-0.7220352908453405,0.0,0.0,0.0,-0.0014476569666072026,0.016031079156187844,5.830869122757628,1.2148794182138836,1.4113025225860216,2.1073,1.0177,0.100097,-0.166456,0.013961,3.138448404,4.0435,36.605203228765326
1p-iPrBz-LSD_RR,conf003,74,dft_core_cluster_001,True,0.0,0.24521081735383402,-0.8288240665716748,0.07753097596848973,0.007784612706665449,-0.7130668881379033,0.29751691756961635,-0.7143610547494004,-0.7117727215264062,0.034722222222222224,0.0,-0.010746945187061652,-0.027176005495554212,-0.0025883332229941214,5.857733521271835,1.2158172825024056,1.4039026435928752,2.0891,1.0339,0.099072,-0.168533,0.020991,3.917294963,4.1206,38.37079108068808
1p-iPrBz-LSD_RR,conf002,145,dft_core_cluster_002,True,0.14145421249404622,0.23161032666437087,-0.8202185124353675,0.07721667197164032,0.0077557599226967654,-0.702510729900924,0.29894475298922163,-0.6860984325916442,-0.7189230272102038,0.0125,0.0,-0.0007787504457549277,-0.01637667829245182,0.03282459461855969,5.857933297145597,1.2158806440773096,1.4038022531355325,2.0884,1.0346,0.099103,-0.168749,0.021024,3.950280775,4.126399999999999,38.90457335232213
1p-iPrBz-LSD_RR,conf001,49,dft_core_cluster_003,True,0.3804049463327615,0.21032725880199823,-0.8184213968480661,0.076723667005116,0.007710138775952289,-0.7002911760927283,0.3017897288710798,-0.7138423174734398,-0.6867400347120167,0.008333333333333333,0.0,-0.00024946036907513847,-0.015832254332398876,-0.027102282761423124,5.858020567174469,1.2158437990171749,1.4036924038191056,2.0885,1.0348,0.099087,-0.168436,0.021174,5.040167597,4.1281,39.08500416234335
1p-iPrBz-LSD_RR,conf006,73,dft_core_cluster_004,True,1.420304433958127,0.13826525328951794,-0.8195210864146654,0.0757990420513546,0.007622986399640319,-0.7026828012463526,0.29960977762334745,-0.7160502383789971,-0.6893153641137082,0.013888888888888888,0.0,-0.0003879550664532827,-0.01567313767659617,-0.026734874265288866,5.858408070044948,1.2158373604130235,1.4029855983801873,2.0884,1.0371,0.0984,-0.168766,0.021074,6.637168508,4.1037,39.371042436550134
1p-iPrBz-LSD_RR,conf007,6,dft_core_cluster_005,True,1.534061927583253,0.13206374326815623,-0.8185635750830501,0.0765203330134608,0.007691357764617434,-0.7007374985589555,0.3013008647984554,-0.7153391507610443,-0.6861358463568666,0.008333333333333333,0.0,-0.00020253668544001346,-0.015645366357173174,-0.02920330440417762,5.85863189643004,1.2159348762439608,1.402961413801099,2.0877,1.0373,0.098449,-0.168955,0.021074,6.633677544,4.0999,39.250947283600055
1p-iPrBz-LSD_RR,conf009,91,dft_core_cluster_005,False,3.3180081511175437,,-0.818045258231228,0.07717869103140516,0.007752995738574397,-0.6991013466161513,0.3041200388765689,-0.7154282512926665,-0.682774441939636,0.008333333333333333,0.0,-0.0002452405303949856,-0.015859037413255894,-0.03265380935303053,5.857949531623657,1.2158662339524948,1.4036981060998435,2.0879,1.0351,0.099122,-0.168492,0.021143,4.955217805,4.1281,39.17476548750984
1p-iPrBz-LSD_RR,conf005,13,dft_core_cluster_006,True,7.363419525418216,0.012575473211450439,-0.8225196645357199,0.07568525881758921,0.007642024267693951,-0.7291894658768079,0.26240247551497947,-0.7054470131163156,-0.7530641885691135,0.015277777777777777,0.0,-0.0004461040743123368,-0.015974232423392576,0.047617175452797866,5.8486026697895905,1.214805098676192,1.411448451067439,2.1074,1.0175,0.100222,-0.166366,0.013928,2.989980829,4.0543,36.69620637200053
1p-iPrBz-LSD_RR,conf004,94,dft_core_cluster_007,True,7.655513360159657,0.011177680985098115,-0.8436298119461717,0.0758572952151588,0.007660566384367809,-0.7568494805482803,0.26081533605644464,-0.7780378612089331,-0.735778487038102,0.03611111111111111,0.0,-0.011498967899184143,-0.027408643470671845,-0.04225937417083114,5.848452168257215,1.214780887160156,1.4114761049512328,2.1071,1.0174,0.100271,-0.166047,0.01381,4.960679972,4.0663,36.56593025827727
1p-iPrBz-LSD_RR,conf010,20,dft_core_cluster_008,True,8.027443096432437,0.009620384719861123,-0.8240684797831405,0.0757000921769398,0.00764651332883349,-0.729935855976662,0.2634706056824674,-0.7018648798721991,-0.7581632163491163,0.013888888888888888,0.0,-0.000942087616746301,-0.016420523925435915,0.05629833647691718,5.849003636207315,1.2150976085979237,1.4106402229491224,2.1057,1.0202,0.099806,-0.167902,0.013824,1.923717918,4.0325999999999995,36.56460177076198
1p-iPrBz-LSD_RR,conf008,110,dft_core_cluster_009,True,8.151968364784386,0.009149061705712969,-0.8441360936259021,0.07597524071688277,0.007671647125099689,-0.7575306841097768,0.2620370247081745,-0.7817503422734315,-0.7334452068777765,0.03611111111111111,0.0,-0.011627687304842205,-0.02816411721206835,-0.04830513539565506,5.848628461685717,1.2151023247421238,1.4106963638928876,2.105,1.0203,0.099869,-0.167809,0.013693,3.304027106,4.0459,36.433534107839336
1ptBuBz-LSD_RR,conf004,188,dft_core_cluster_001,True,0.0,0.39844466308051774,-0.8237435441815909,0.07717583551396269,0.007752293315394601,-0.7047101491870745,0.3019883472614272,-0.6856843954825673,-0.7237359028915817,0.034722222222222224,0.0,-0.0040853130094368195,-0.0190157716460726,0.03805150740901442,5.88757737038062,1.216006886430197,1.4029529859877725,2.0881,1.0372,0.098568,-0.169221,0.021155,6.285121579,4.1035,39.2859129863719
1ptBuBz-LSD_RR,conf002,176,dft_core_cluster_002,True,0.16300972460786958,0.3730868533907094,-0.8224813348250093,0.07650928503142523,0.007689850241715132,-0.7045874617010016,0.30158898570727477,-0.7212130556187071,-0.6879618677832962,0.034722222222222224,0.0,-0.003951920013069765,-0.018930296416526327,-0.03325118783541092,5.88727154458159,1.2159222133024332,1.4030056665224746,2.089,1.0369,0.09851,-0.168852,0.021132,6.654354361,4.103,39.31978288680176
1ptBuBz-LSD_RR,conf003,74,dft_core_cluster_001,False,0.22309749172874122,,-0.8224457719566045,0.07776555249766594,0.007807552085121831,-0.7011018096618212,0.30740121940283643,-0.7204066105493157,-0.6817970087743268,0.03611111111111111,0.0,-0.005060216565052511,-0.019975146252734555,-0.038609601774988844,5.888096535357509,1.2158970275874172,1.4030867783995298,2.0878,1.0374,0.098595,-0.169048,0.021147,6.664597053,4.1022,39.28539782616356
1ptBuBz-LSD_RR,conf009,77,dft_core_cluster_003,True,2.9988628093095544,0.11884748075730997,-0.8244074252580532,0.07766116987137642,0.007798442968078133,-0.7025595483076889,0.30575897420824194,-0.7107839558693818,-0.694335140745996,0.03194444444444444,0.0,-0.007832955471243519,-0.020276895599507072,-0.016448815123385807,5.885726328845693,1.2160223649337245,1.4029483148463147,2.0872,1.0377,0.09862,-0.16913,0.021249,6.599463971,4.0999,38.979945189316155
1ptBuBz-LSD_RR,conf010,59,dft_core_cluster_002,False,3.0121503523111763,,-0.824402360529636,0.07790200566182409,0.007820736071691318,-0.7017469722282423,0.30771377679688966,-0.7118254305979044,-0.6916685138585802,0.03194444444444444,0.0,-0.007948808512295624,-0.02057003826420767,-0.020156916739324182,5.886077244476172,1.2160719866844942,1.4028643394073537,2.0867,1.0381,0.098638,-0.169282,0.021305,6.570964249,4.1018,39.13174043787957
1ptBuBz-LSD_RR,conf001,154,dft_core_cluster_004,True,6.278168811481341,0.031657777672448775,-0.8423871640449508,0.07532101513303731,0.007611107069290924,-0.752933138664673,0.26024912587817894,-0.7653870885485469,-0.7405481857330644,0.034722222222222224,0.0,-0.009175812852771248,-0.02167127144624248,-0.02483890281548251,5.875841383723192,1.2148032982179369,1.4113375002011728,2.1076,1.018,0.100329,-0.16616,0.013896,4.974265379,4.073300000000001,37.061073134586536
1ptBuBz-LSD_RR,conf006,184,dft_core_cluster_005,True,6.729281959827876,0.02639057303853334,-0.8430984963026423,0.07557979376365351,0.0076357676305510045,-0.7541193838728388,0.2616248919124369,-0.7714784225220325,-0.7368565171829204,0.03333333333333333,0.0,-0.009755924451832931,-0.023738596347289365,-0.034621905339112025,5.876288368298631,1.2150919518609016,1.41071986391599,2.1056,1.0205,0.09997,-0.167847,0.013731,3.290479457,4.0495,36.715836414347784
1ptBuBz-LSD_RR,conf007,194,dft_core_cluster_006,True,6.755073232634412,0.026117426728491825,-0.8249090845941722,0.0766490955803188,0.007724501909937653,-0.7287510655256805,0.2681868297159533,-0.7074297369430467,-0.7501911758831481,0.0375,0.0,-0.004392866124343198,-0.01935716853851155,0.042761438940101426,5.877801710509538,1.2152060625429222,1.410634834038137,2.1045,1.021,0.100002,-0.168286,0.013855,1.839587506,4.0361,36.73156069114671
1ptBuBz-LSD_RR,conf008,181,dft_core_cluster_007,True,6.8187371694412064,0.025455225331988976,-0.8244116630687478,0.07802808996465961,0.007854189384625268,-0.7284213766844317,0.2699019851178704,-0.7013756504244186,-0.7556177755141386,0.04027777777777778,0.0,-0.0054803843043824685,-0.020668976065315814,0.05424212508971993,5.8775283907869955,1.2151943544755748,1.410765662729724,2.1054,1.0202,0.100072,-0.168129,0.013836,1.842490476,4.0259,35.90431027308001
1ptBuBz-LSD_RR,conf005,93,dft_core_cluster_005,False,6.837668933132216,,-0.8380158380925907,0.07538242075493663,0.007617708689804247,-0.7499432463946629,0.2605934306725237,-0.7566227856053102,-0.7433007129414154,0.0375,0.0,-0.00386164988970783,-0.01866689774612318,-0.013322072663894735,5.877513715536439,1.2150346916748187,1.410740909319742,2.1062,1.0201,0.099955,-0.167775,0.013681,3.343800885,4.0521,36.930865463058566
1SB-LSD_RR,conf002,78,dft_core_cluster_001,True,0.0,0.39457741619046766,-0.8263558206998823,0.07331435080315941,0.007399529869917496,-0.708728147718704,0.30038216301044113,-0.726569985686579,-0.6908863097508287,0.030555555555555555,0.0,-0.0033651470722610988,-0.01852449914351173,-0.03568367593575039,6.248761617612987,1.2156678921789166,1.4026581986066307,2.0874,1.0376,0.098995,-0.167011,0.021626,4.835491627,4.0355,40.60426743434709
1SB-LSD_RR,conf007,32,dft_core_cluster_002,True,1.006167065615536,0.26294164833144784,-0.826759417679686,0.07325588360470583,0.0073927357210859836,-0.7118638538431071,0.2976293402232596,-0.6948963601073953,-0.728831347578819,0.029166666666666667,0.0,-0.0025013627708622144,-0.01860725511582484,0.03393498747142365,6.248813424084836,1.2157696641276097,1.4017446615966394,2.0869,1.0401,0.098306,-0.167688,0.021521,6.218844518,4.0065,40.577784105070876
1SB-LSD_RR,conf005,172,dft_core_cluster_002,False,1.014868971859398,,-0.8242311311325285,0.07359279719100795,0.007423157140596008,-0.7001141767818826,0.30176061207073407,-0.7201293435335575,-0.6800990100302077,0.022222222222222223,0.0,-0.002263836790335483,-0.010341370030284014,-0.040030333503349835,6.247499734594563,1.215846896573199,1.4017710231404572,2.0859,1.0406,0.098359,-0.167705,0.021618,6.523306437,4.0061,40.50358278609825
1SB-LSD_RR,conf004,133,dft_core_cluster_003,True,1.090859716410439,0.2541100669634819,-0.827308430891979,0.07188481091876885,0.0072707810204954435,-0.7133985810823552,0.2974790611033444,-0.7298297800203805,-0.6969673821443301,0.030555555555555555,0.0,-0.0025826458128397345,-0.019153222938701808,-0.03286239787605039,6.247971803914343,1.2158083219956566,1.4016452814291789,2.0868,1.0403,0.098258,-0.167555,0.021574,6.518542225,4.0122,41.02117595655121
1SB-LSD_RR,conf006,77,dft_core_cluster_002,False,1.0949786155472012,,-0.8274486797374541,0.07312758865573597,0.00738188606967862,-0.7142567217838092,0.2966040369560855,-0.7002967043163362,-0.7282167392512822,0.034722222222222224,0.0,-0.0030834079561138372,-0.020611396997468057,0.027920034934945992,6.248641697147102,1.2157932727577758,1.4018487498191934,2.0872,1.0398,0.098287,-0.167618,0.021483,6.158762322,4.004099999999999,40.49883273123643
1SB-LSD_RR,conf003,161,dft_core_cluster_004,True,7.186546154777826,0.021732205843805134,-0.8299631348367283,0.0732346466607922,0.007429750109997846,-0.7304742998230489,0.26080106059954344,-0.7107932637231883,-0.7502649795780618,0.025,0.0,-0.0038053526219624656,-0.012833686901046581,0.039471715854873524,6.23886426950915,1.214669128342864,1.4101006143280943,2.1053,1.0211,0.100197,-0.165092,0.014366,3.050956793,3.9652,38.10423812748979
1SB-LSD_RR,conf011,151,dft_core_cluster_005,True,7.776059009523506,0.017132692734068495,-0.8322298671764102,0.07315362348307504,0.0074280743079110185,-0.7378824801332851,0.26226967618210195,-0.7110734618824077,-0.7648408522462843,0.034722222222222224,0.0,-0.00525386657679805,-0.019842837778185962,0.053767390363876566,6.239498815420008,1.214971467600777,1.4092993013892716,2.104,1.0237,0.099794,-0.166611,0.014259,2.109598813,3.9414,37.99447937361718
1SB-LSD_RR,conf010,154,dft_core_cluster_006,True,7.823576199388468,0.01680741697491132,-0.8318870763755796,0.07177780701750841,0.00731017577860361,-0.7408118854372558,0.25845836657044496,-0.7177339207359105,-0.7640184181870767,0.03333333333333333,0.0,-0.002820411148582891,-0.01873446315602223,0.04628449745116625,6.238990390980237,1.2149584269988078,1.4091319581041013,2.1036,1.0241,0.099751,-0.166606,0.014295,2.084472017,3.9501,38.70197719180918
1SB-LSD_RR,conf009,93,dft_core_cluster_007,True,7.8653238783956825,0.016526736304542333,-0.8400102460939529,0.07386582060280736,0.007488922417913966,-0.7462939527491631,0.26093097560774026,-0.7518196944334475,-0.7407988245922152,0.02361111111111111,0.0,-0.0032270609516811266,-0.011862845388221133,-0.011020869841232295,6.2387238059234855,1.2149970485365864,1.4092258112697285,2.1031,1.0242,0.099853,-0.16668,0.014117,3.332406126,3.9556000000000004,37.81781615338599
1SB-LSD_RR,conf008,144,dft_core_cluster_008,True,7.919140639682441,0.01617181665727546,-0.8421132918516646,0.07268805445442322,0.007391394984570698,-0.7561621642564671,0.25804751120252367,-0.7649930592223372,-0.7473801939164466,0.03194444444444444,0.0,-0.0031781996673372337,-0.018785437200251165,-0.017612865305890568,6.238728344842051,1.2149254687335858,1.4093423509490948,2.1043,1.0234,0.099797,-0.166447,0.014115,3.342950108,3.958,38.164041172075684
