condition,pair_id,bz_conformer_id,sb_conformer_id,metric,bz,sb,sb_minus_bz
b3lyp_d3bj_def2_tzvp_cpcm_water,pair001,conf003,conf005,mbis_charge_carbonyl_c,0.679042,0.674116,-0.004925999999999986
b3lyp_d3bj_def2_tzvp_cpcm_water,pair001,conf003,conf005,mbis_charge_carbonyl_o,-0.587665,-0.587299,0.00036599999999997745
b3lyp_d3bj_def2_tzvp_cpcm_water,pair001,conf003,conf005,mbis_charge_amide_n,-0.227197,-0.22604,0.0011570000000000191
b3lyp_d3bj_def2_tzvp_cpcm_water,pair001,conf003,conf005,chelpg_charge_carbonyl_c,0.501124,0.480587,-0.020537000000000027
b3lyp_d3bj_def2_tzvp_cpcm_water,pair001,conf003,conf005,chelpg_charge_carbonyl_o,-0.57433,-0.569132,0.005198000000000036
b3lyp_d3bj_def2_tzvp_cpcm_water,pair001,conf003,conf005,chelpg_charge_amide_n,-0.009163,-0.009337,-0.00017400000000000054
b3lyp_d3bj_def2_tzvp_cpcm_water,pair001,conf003,conf005,loewdin_charge_carbonyl_c,-0.327101,-0.326926,0.00017499999999998073
b3lyp_d3bj_def2_tzvp_cpcm_water,pair001,conf003,conf005,loewdin_charge_carbonyl_o,0.082804,0.082196,-0.0006079999999999974
b3lyp_d3bj_def2_tzvp_cpcm_water,pair001,conf003,conf005,loewdin_charge_amide_n,0.301027,0.301088,6.100000000003325e-05
b3lyp_d3bj_def2_tzvp_cpcm_water,pair001,conf003,conf005,mulliken_charge_carbonyl_c,0.298993,0.294791,-0.0042019999999999835
b3lyp_d3bj_def2_tzvp_cpcm_water,pair001,conf003,conf005,mulliken_charge_carbonyl_o,-0.39326,-0.394197,-0.0009370000000000211
b3lyp_d3bj_def2_tzvp_cpcm_water,pair001,conf003,conf005,mulliken_charge_amide_n,-0.008356,-0.00802,0.00033600000000000123
b3lyp_d3bj_def2_tzvp_cpcm_water,pair001,conf003,conf005,mayer_bond_order_c_o,1.9515,1.9527,0.0012000000000000899
b3lyp_d3bj_def2_tzvp_cpcm_water,pair001,conf003,conf005,mayer_bond_order_c_n,1.1007,1.1015,0.0007999999999999119
b3lyp_d3bj_def2_tzvp_cpcm_water,pair001,conf003,conf005,homo_energy_ev,-5.7535,-5.7499,0.0035999999999996035
b3lyp_d3bj_def2_tzvp_cpcm_water,pair001,conf003,conf005,lumo_energy_ev,-1.6683,-1.712,-0.04370000000000007
b3lyp_d3bj_def2_tzvp_cpcm_water,pair001,conf003,conf005,homo_lumo_gap_ev,4.0852,4.0379000000000005,-0.0472999999999999
b3lyp_d3bj_def2_tzvp_cpcm_water,pair001,conf003,conf005,homo_loewdin_population_benzoyl_center,0.086033,0.086135,0.00010200000000000486
b3lyp_d3bj_def2_tzvp_cpcm_water,pair001,conf003,conf005,lumo_loewdin_population_benzoyl_center,0.475033,0.456935,-0.018098000000000003
b3lyp_d3bj_def2_tzvp_cpcm_water,pair001,conf003,conf005,dipole_magnitude_debye,10.155773427,10.337650516,0.18187708900000032
b3lyp_d3bj_def2_tzvp_cpcm_water,pair002,conf008,conf002,mbis_charge_carbonyl_c,0.678955,0.674223,-0.0047319999999999585
b3lyp_d3bj_def2_tzvp_cpcm_water,pair002,conf008,conf002,mbis_charge_carbonyl_o,-0.587135,-0.586763,0.00037199999999992794
b3lyp_d3bj_def2_tzvp_cpcm_water,pair002,conf008,conf002,mbis_charge_amide_n,-0.226976,-0.226186,0.0007900000000000129
b3lyp_d3bj_def2_tzvp_cpcm_water,pair002,conf008,conf002,chelpg_charge_carbonyl_c,0.496981,0.489542,-0.007439000000000029
b3lyp_d3bj_def2_tzvp_cpcm_water,pair002,conf008,conf002,chelpg_charge_carbonyl_o,-0.572252,-0.573861,-0.0016089999999999716
b3lyp_d3bj_def2_tzvp_cpcm_water,pair002,conf008,conf002,chelpg_charge_amide_n,-0.017436,-0.025721,-0.008285
b3lyp_d3bj_def2_tzvp_cpcm_water,pair002,conf008,conf002,loewdin_charge_carbonyl_c,-0.326547,-0.326543,3.999999999948489e-06
b3lyp_d3bj_def2_tzvp_cpcm_water,pair002,conf008,conf002,loewdin_charge_carbonyl_o,0.083273,0.08282,-0.0004529999999999951
b3lyp_d3bj_def2_tzvp_cpcm_water,pair002,conf008,conf002,loewdin_charge_amide_n,0.301223,0.301109,-0.00011400000000000299
b3lyp_d3bj_def2_tzvp_cpcm_water,pair002,conf008,conf002,mulliken_charge_carbonyl_c,0.299989,0.294772,-0.005217000000000027
b3lyp_d3bj_def2_tzvp_cpcm_water,pair002,conf008,conf002,mulliken_charge_carbonyl_o,-0.39327,-0.393271,-9.999999999732445e-07
b3lyp_d3bj_def2_tzvp_cpcm_water,pair002,conf008,conf002,mulliken_charge_amide_n,-0.008846,-0.008737,0.00010899999999999972
b3lyp_d3bj_def2_tzvp_cpcm_water,pair002,conf008,conf002,mayer_bond_order_c_o,1.9507,1.9545,0.0037999999999998035
b3lyp_d3bj_def2_tzvp_cpcm_water,pair002,conf008,conf002,mayer_bond_order_c_n,1.0995,1.0994,-9.999999999998899e-05
b3lyp_d3bj_def2_tzvp_cpcm_water,pair002,conf008,conf002,homo_energy_ev,-5.7545,-5.7562,-0.0016999999999995907
b3lyp_d3bj_def2_tzvp_cpcm_water,pair002,conf008,conf002,lumo_energy_ev,-1.6689,-1.7218,-0.05289999999999995
b3lyp_d3bj_def2_tzvp_cpcm_water,pair002,conf008,conf002,homo_lumo_gap_ev,4.0856,4.0344,-0.05120000000000058
b3lyp_d3bj_def2_tzvp_cpcm_water,pair002,conf008,conf002,homo_loewdin_population_benzoyl_center,0.08372800000000001,0.084828,0.0010999999999999899
b3lyp_d3bj_def2_tzvp_cpcm_water,pair002,conf008,conf002,lumo_loewdin_population_benzoyl_center,0.474422,0.456129,-0.018293000000000004
b3lyp_d3bj_def2_tzvp_cpcm_water,pair002,conf008,conf002,dipole_magnitude_debye,6.55883116,7.348966554,0.790135394
baseline_b3lyp_def2_svp_gas,pair001,conf003,conf005,mbis_charge_carbonyl_c,0.650324,0.646413,-0.003910999999999998
baseline_b3lyp_def2_svp_gas,pair001,conf003,conf005,mbis_charge_carbonyl_o,-0.511576,-0.511505,7.100000000004325e-05
baseline_b3lyp_def2_svp_gas,pair001,conf003,conf005,mbis_charge_amide_n,-0.237932,-0.236989,0.0009429999999999994
baseline_b3lyp_def2_svp_gas,pair001,conf003,conf005,chelpg_charge_carbonyl_c,0.524622,0.513053,-0.011569000000000051
baseline_b3lyp_def2_svp_gas,pair001,conf003,conf005,chelpg_charge_carbonyl_o,-0.482118,-0.479278,0.002840000000000009
baseline_b3lyp_def2_svp_gas,pair001,conf003,conf005,chelpg_charge_amide_n,-0.08081,-0.077967,0.002843000000000012
baseline_b3lyp_def2_svp_gas,pair001,conf003,conf005,loewdin_charge_carbonyl_c,0.098248,0.098358,0.00010999999999999899
baseline_b3lyp_def2_svp_gas,pair001,conf003,conf005,loewdin_charge_carbonyl_o,-0.167129,-0.167706,-0.0005769999999999942
baseline_b3lyp_def2_svp_gas,pair001,conf003,conf005,loewdin_charge_amide_n,0.021373,0.021622,0.0002489999999999992
baseline_b3lyp_def2_svp_gas,pair001,conf003,conf005,mulliken_charge_carbonyl_c,0.199336,0.199636,0.0002999999999999947
baseline_b3lyp_def2_svp_gas,pair001,conf003,conf005,mulliken_charge_carbonyl_o,-0.214775,-0.215765,-0.0009900000000000186
baseline_b3lyp_def2_svp_gas,pair001,conf003,conf005,mulliken_charge_amide_n,-0.189962,-0.189142,0.0008199999999999874
baseline_b3lyp_def2_svp_gas,pair001,conf003,conf005,mayer_bond_order_c_o,2.0874,2.0859,-0.0015000000000000568
baseline_b3lyp_def2_svp_gas,pair001,conf003,conf005,mayer_bond_order_c_n,1.0412,1.0406,-0.0005999999999999339
baseline_b3lyp_def2_svp_gas,pair001,conf003,conf005,homo_energy_ev,-5.4953,-5.4705,0.024799999999999933
baseline_b3lyp_def2_svp_gas,pair001,conf003,conf005,lumo_energy_ev,-1.4316,-1.4644,-0.03279999999999994
baseline_b3lyp_def2_svp_gas,pair001,conf003,conf005,homo_lumo_gap_ev,4.063700000000001,4.0061,-0.05760000000000076
baseline_b3lyp_def2_svp_gas,pair001,conf003,conf005,homo_loewdin_population_benzoyl_center,0.094941,0.09535999999999999,0.0004189999999999888
baseline_b3lyp_def2_svp_gas,pair001,conf003,conf005,lumo_loewdin_population_benzoyl_center,0.463233,0.442871,-0.02036199999999999
baseline_b3lyp_def2_svp_gas,pair001,conf003,conf005,dipole_magnitude_debye,6.347988207,6.523355174,0.17536696699999954
baseline_b3lyp_def2_svp_gas,pair002,conf008,conf002,mbis_charge_carbonyl_c,0.651191,0.647371,-0.0038199999999999346
baseline_b3lyp_def2_svp_gas,pair002,conf008,conf002,mbis_charge_carbonyl_o,-0.511411,-0.511092,0.0003189999999999582
baseline_b3lyp_def2_svp_gas,pair002,conf008,conf002,mbis_charge_amide_n,-0.238448,-0.237662,0.0007859999999999812
baseline_b3lyp_def2_svp_gas,pair002,conf008,conf002,chelpg_charge_carbonyl_c,0.527374,0.526147,-0.001226999999999978
baseline_b3lyp_def2_svp_gas,pair002,conf008,conf002,chelpg_charge_carbonyl_o,-0.481013,-0.483492,-0.0024789999999999535
baseline_b3lyp_def2_svp_gas,pair002,conf008,conf002,chelpg_charge_amide_n,-0.090242,-0.097209,-0.006967000000000001
baseline_b3lyp_def2_svp_gas,pair002,conf008,conf002,loewdin_charge_carbonyl_c,0.099018,0.098994,-2.3999999999996247e-05
baseline_b3lyp_def2_svp_gas,pair002,conf008,conf002,loewdin_charge_carbonyl_o,-0.16677,-0.167007,-0.00023699999999998722
baseline_b3lyp_def2_svp_gas,pair002,conf008,conf002,loewdin_charge_amide_n,0.021614,0.021627,1.2999999999999123e-05
baseline_b3lyp_def2_svp_gas,pair002,conf008,conf002,mulliken_charge_carbonyl_c,0.200045,0.199899,-0.00014600000000000724
baseline_b3lyp_def2_svp_gas,pair002,conf008,conf002,mulliken_charge_carbonyl_o,-0.21492,-0.215041,-0.00012100000000000999
baseline_b3lyp_def2_svp_gas,pair002,conf008,conf002,mulliken_charge_amide_n,-0.189601,-0.189426,0.00017499999999998073
baseline_b3lyp_def2_svp_gas,pair002,conf008,conf002,mayer_bond_order_c_o,2.0869,2.0874,0.000500000000000167
baseline_b3lyp_def2_svp_gas,pair002,conf008,conf002,mayer_bond_order_c_n,1.0392,1.0376,-0.0015999999999998238
baseline_b3lyp_def2_svp_gas,pair002,conf008,conf002,homo_energy_ev,-5.5883,-5.5576,0.030700000000000394
baseline_b3lyp_def2_svp_gas,pair002,conf008,conf002,lumo_energy_ev,-1.4934,-1.5222,-0.028799999999999937
baseline_b3lyp_def2_svp_gas,pair002,conf008,conf002,homo_lumo_gap_ev,4.0949,4.0354,-0.059499999999999886
baseline_b3lyp_def2_svp_gas,pair002,conf008,conf002,homo_loewdin_population_benzoyl_center,0.089992,0.09234,0.002348000000000003
baseline_b3lyp_def2_svp_gas,pair002,conf008,conf002,lumo_loewdin_population_benzoyl_center,0.462827,0.44225,-0.020577000000000012
baseline_b3lyp_def2_svp_gas,pair002,conf008,conf002,dipole_magnitude_debye,4.219633992,4.835468417,0.6158344250000001
baseline_b3lyp_def2_svp_gas,pair003,conf002,conf009,mbis_charge_carbonyl_c,0.655005,0.650976,-0.004028999999999949
baseline_b3lyp_def2_svp_gas,pair003,conf002,conf009,mbis_charge_carbonyl_o,-0.508334,-0.510188,-0.0018540000000000223
baseline_b3lyp_def2_svp_gas,pair003,conf002,conf009,mbis_charge_amide_n,-0.250773,-0.249561,0.0012120000000000186
baseline_b3lyp_def2_svp_gas,pair003,conf002,conf009,chelpg_charge_carbonyl_c,0.555176,0.57233,0.017154000000000003
baseline_b3lyp_def2_svp_gas,pair003,conf002,conf009,chelpg_charge_carbonyl_o,-0.478079,-0.481239,-0.003159999999999996
baseline_b3lyp_def2_svp_gas,pair003,conf002,conf009,chelpg_charge_amide_n,-0.088528,-0.110552,-0.022024000000000002
baseline_b3lyp_def2_svp_gas,pair003,conf002,conf009,loewdin_charge_carbonyl_c,0.100131,0.099853,-0.00027800000000000047
baseline_b3lyp_def2_svp_gas,pair003,conf002,conf009,loewdin_charge_carbonyl_o,-0.164232,-0.166679,-0.0024470000000000047
baseline_b3lyp_def2_svp_gas,pair003,conf002,conf009,loewdin_charge_amide_n,0.014129,0.01412,-8.999999999998592e-06
baseline_b3lyp_def2_svp_gas,pair003,conf002,conf009,mulliken_charge_carbonyl_c,0.188731,0.188672,-5.9000000000003494e-05
baseline_b3lyp_def2_svp_gas,pair003,conf002,conf009,mulliken_charge_carbonyl_o,-0.209193,-0.212025,-0.002832000000000001
baseline_b3lyp_def2_svp_gas,pair003,conf002,conf009,mulliken_charge_amide_n,-0.199089,-0.198527,0.0005619999999999792
baseline_b3lyp_def2_svp_gas,pair003,conf002,conf009,mayer_bond_order_c_o,2.1066,2.1031,-0.0034999999999998366
baseline_b3lyp_def2_svp_gas,pair003,conf002,conf009,mayer_bond_order_c_n,1.0218,1.0242,0.0023999999999999577
baseline_b3lyp_def2_svp_gas,pair003,conf002,conf009,homo_energy_ev,-5.6001,-5.4896,0.11050000000000004
baseline_b3lyp_def2_svp_gas,pair003,conf002,conf009,lumo_energy_ev,-1.572,-1.534,0.038000000000000034
baseline_b3lyp_def2_svp_gas,pair003,conf002,conf009,homo_lumo_gap_ev,4.0281,3.9556000000000004,-0.07249999999999979
baseline_b3lyp_def2_svp_gas,pair003,conf002,conf009,homo_loewdin_population_benzoyl_center,0.086946,0.09221800000000001,0.005272000000000013
baseline_b3lyp_def2_svp_gas,pair003,conf002,conf009,lumo_loewdin_population_benzoyl_center,0.477198,0.456572,-0.020626000000000033
baseline_b3lyp_def2_svp_gas,pair003,conf002,conf009,dipole_magnitude_debye,4.552214522,3.332368553,-1.219845969
baseline_b3lyp_def2_svp_gas,pair004,conf006,conf010,mbis_charge_carbonyl_c,0.654836,0.650929,-0.003906999999999994
baseline_b3lyp_def2_svp_gas,pair004,conf006,conf010,mbis_charge_carbonyl_o,-0.510196,-0.51013,6.60000000000105e-05
baseline_b3lyp_def2_svp_gas,pair004,conf006,conf010,mbis_charge_amide_n,-0.250166,-0.249619,0.0005469999999999919
baseline_b3lyp_def2_svp_gas,pair004,conf006,conf010,chelpg_charge_carbonyl_c,0.603229,0.579859,-0.023370000000000002
baseline_b3lyp_def2_svp_gas,pair004,conf006,conf010,chelpg_charge_carbonyl_o,-0.482759,-0.48217,0.0005890000000000062
baseline_b3lyp_def2_svp_gas,pair004,conf006,conf010,chelpg_charge_amide_n,-0.125824,-0.101171,0.024652999999999994
baseline_b3lyp_def2_svp_gas,pair004,conf006,conf010,loewdin_charge_carbonyl_c,0.099727,0.099743,1.6000000000002124e-05
baseline_b3lyp_def2_svp_gas,pair004,conf006,conf010,loewdin_charge_carbonyl_o,-0.165959,-0.166597,-0.0006379999999999997
baseline_b3lyp_def2_svp_gas,pair004,conf006,conf010,loewdin_charge_amide_n,0.014167,0.014283,0.00011599999999999978
baseline_b3lyp_def2_svp_gas,pair004,conf006,conf010,mulliken_charge_carbonyl_c,0.188614,0.187804,-0.0008100000000000052
baseline_b3lyp_def2_svp_gas,pair004,conf006,conf010,mulliken_charge_carbonyl_o,-0.210894,-0.211954,-0.0010600000000000054
baseline_b3lyp_def2_svp_gas,pair004,conf006,conf010,mulliken_charge_amide_n,-0.199111,-0.198315,0.0007960000000000189
baseline_b3lyp_def2_svp_gas,pair004,conf006,conf010,mayer_bond_order_c_o,2.105,2.1036,-0.0013999999999998458
baseline_b3lyp_def2_svp_gas,pair004,conf006,conf010,mayer_bond_order_c_n,1.0245,1.0241,-0.00039999999999995595
baseline_b3lyp_def2_svp_gas,pair004,conf006,conf010,homo_energy_ev,-5.4989,-5.4749,0.02400000000000002
baseline_b3lyp_def2_svp_gas,pair004,conf006,conf010,lumo_energy_ev,-1.5045,-1.5247,-0.020199999999999996
baseline_b3lyp_def2_svp_gas,pair004,conf006,conf010,homo_lumo_gap_ev,3.9943999999999997,3.9501999999999997,-0.04420000000000002
baseline_b3lyp_def2_svp_gas,pair004,conf006,conf010,homo_loewdin_population_benzoyl_center,0.09161100000000001,0.09205100000000001,0.00043999999999999595
baseline_b3lyp_def2_svp_gas,pair004,conf006,conf010,lumo_loewdin_population_benzoyl_center,0.47735500000000003,0.455169,-0.02218600000000004
baseline_b3lyp_def2_svp_gas,pair004,conf006,conf010,dipole_magnitude_debye,2.525796264,2.084593305,-0.44120295899999995
baseline_b3lyp_def2_svp_gas,pair005,conf005,conf008,mbis_charge_carbonyl_c,0.654838,0.650854,-0.0039839999999999876
baseline_b3lyp_def2_svp_gas,pair005,conf005,conf008,mbis_charge_carbonyl_o,-0.510082,-0.509967,0.00011500000000008725
baseline_b3lyp_def2_svp_gas,pair005,conf005,conf008,mbis_charge_amide_n,-0.250462,-0.249548,0.0009140000000000259
baseline_b3lyp_def2_svp_gas,pair005,conf005,conf008,chelpg_charge_carbonyl_c,0.554793,0.554161,-0.0006319999999999659
baseline_b3lyp_def2_svp_gas,pair005,conf005,conf008,chelpg_charge_carbonyl_o,-0.478771,-0.480513,-0.0017420000000000213
baseline_b3lyp_def2_svp_gas,pair005,conf005,conf008,chelpg_charge_amide_n,-0.080443,-0.079092,0.001351000000000005
baseline_b3lyp_def2_svp_gas,pair005,conf005,conf008,loewdin_charge_carbonyl_c,0.099741,0.099815,7.400000000000462e-05
baseline_b3lyp_def2_svp_gas,pair005,conf005,conf008,loewdin_charge_carbonyl_o,-0.16591,-0.166478,-0.0005679999999999852
baseline_b3lyp_def2_svp_gas,pair005,conf005,conf008,loewdin_charge_amide_n,0.013938,0.014136,0.00019799999999999852
baseline_b3lyp_def2_svp_gas,pair005,conf005,conf008,mulliken_charge_carbonyl_c,0.187897,0.18812,0.00022300000000000098
baseline_b3lyp_def2_svp_gas,pair005,conf005,conf008,mulliken_charge_carbonyl_o,-0.211015,-0.211672,-0.0006569999999999909
baseline_b3lyp_def2_svp_gas,pair005,conf005,conf008,mulliken_charge_amide_n,-0.199376,-0.198784,0.0005920000000000092
baseline_b3lyp_def2_svp_gas,pair005,conf005,conf008,mayer_bond_order_c_o,2.1046,2.1043,-0.000300000000000189
baseline_b3lyp_def2_svp_gas,pair005,conf005,conf008,mayer_bond_order_c_n,1.025,1.0234,-0.0015999999999998238
baseline_b3lyp_def2_svp_gas,pair005,conf005,conf008,homo_energy_ev,-5.5131,-5.4888,0.024299999999999322
baseline_b3lyp_def2_svp_gas,pair005,conf005,conf008,lumo_energy_ev,-1.5032,-1.5308,-0.027599999999999847
baseline_b3lyp_def2_svp_gas,pair005,conf005,conf008,homo_lumo_gap_ev,4.0099,3.958,-0.051899999999999835
baseline_b3lyp_def2_svp_gas,pair005,conf005,conf008,homo_loewdin_population_benzoyl_center,0.09165799999999999,0.092231,0.0005730000000000041
baseline_b3lyp_def2_svp_gas,pair005,conf005,conf008,lumo_loewdin_population_benzoyl_center,0.47744000000000003,0.455685,-0.021755000000000024
baseline_b3lyp_def2_svp_gas,pair005,conf005,conf008,dipole_magnitude_debye,3.524451061,3.343043007,-0.18140805400000026
baseline_b3lyp_def2_svp_gas,pair006,conf009,conf003,mbis_charge_carbonyl_c,0.655186,0.65138,-0.003806000000000087
baseline_b3lyp_def2_svp_gas,pair006,conf009,conf003,mbis_charge_carbonyl_o,-0.508435,-0.5087,-0.00026500000000007073
baseline_b3lyp_def2_svp_gas,pair006,conf009,conf003,mbis_charge_amide_n,-0.250906,-0.250071,0.0008350000000000302
baseline_b3lyp_def2_svp_gas,pair006,conf009,conf003,chelpg_charge_carbonyl_c,0.603371,0.606679,0.0033079999999999776
baseline_b3lyp_def2_svp_gas,pair006,conf009,conf003,chelpg_charge_carbonyl_o,-0.481943,-0.481449,0.0004939999999999944
baseline_b3lyp_def2_svp_gas,pair006,conf009,conf003,chelpg_charge_amide_n,-0.129878,-0.134249,-0.004371000000000014
baseline_b3lyp_def2_svp_gas,pair006,conf009,conf003,loewdin_charge_carbonyl_c,0.100171,0.1002,2.9000000000001247e-05
baseline_b3lyp_def2_svp_gas,pair006,conf009,conf003,loewdin_charge_carbonyl_o,-0.164226,-0.165095,-0.0008689999999999809
baseline_b3lyp_def2_svp_gas,pair006,conf009,conf003,loewdin_charge_amide_n,0.014269,0.01437,0.0001010000000000004
baseline_b3lyp_def2_svp_gas,pair006,conf009,conf003,mulliken_charge_carbonyl_c,0.188709,0.188762,5.300000000002525e-05
baseline_b3lyp_def2_svp_gas,pair006,conf009,conf003,mulliken_charge_carbonyl_o,-0.20914,-0.210351,-0.0012110000000000176
baseline_b3lyp_def2_svp_gas,pair006,conf009,conf003,mulliken_charge_amide_n,-0.198835,-0.198649,0.00018600000000001948
baseline_b3lyp_def2_svp_gas,pair006,conf009,conf003,mayer_bond_order_c_o,2.1068,2.1053,-0.0014999999999996128
baseline_b3lyp_def2_svp_gas,pair006,conf009,conf003,mayer_bond_order_c_n,1.0219,1.0211,-0.0008000000000001339
baseline_b3lyp_def2_svp_gas,pair006,conf009,conf003,homo_energy_ev,-5.5946,-5.5595,0.03509999999999991
baseline_b3lyp_def2_svp_gas,pair006,conf009,conf003,lumo_energy_ev,-1.5785,-1.5943,-0.015800000000000036
baseline_b3lyp_def2_svp_gas,pair006,conf009,conf003,homo_lumo_gap_ev,4.0161,3.9652,-0.050899999999999945
baseline_b3lyp_def2_svp_gas,pair006,conf009,conf003,homo_loewdin_population_benzoyl_center,0.086309,0.08861100000000001,0.0023020000000000124
baseline_b3lyp_def2_svp_gas,pair006,conf009,conf003,lumo_loewdin_population_benzoyl_center,0.47718700000000003,0.456934,-0.02025300000000002
baseline_b3lyp_def2_svp_gas,pair006,conf009,conf003,dipole_magnitude_debye,3.059810873,3.050951537,-0.008859335999999995
